{"v_lr_0.5_v_num_grad_steps_3_v_alpha_1e-06_delta_sparsity_ratio_feature_acts/case_0":150.56011949215832,"v_lr_0.1_v_num_grad_steps_3_v_alpha_1e-06_delta_sparsity_count/case_0":96,"v_lr_0.1_v_num_grad_steps_3_v_alpha_1e-06_mean_change/case_0":0.16254884004592896,"v_lr_0.5_v_num_grad_steps_3_v_alpha_1e-06_delta_sparsity_ratio_feature_acts/case_1":111.21379065221254,"v_lr_0.1_v_num_grad_steps_3_v_alpha_1e-06_delta_sparsity_count/case_1":298,"v_lr_0.1_v_num_grad_steps_3_v_alpha_1e-06_nll_loss/case_0":2.3954830169677734,"_wandb":{"runtime":10},"v_lr_0.1_v_num_grad_steps_3_v_alpha_1e-06_nll_loss/case_1":6.022483825683594,"v_lr_0.5_v_num_grad_steps_3_v_alpha_1e-06_nll_loss/case_0":2.257939577102661,"v_lr_0.5_v_num_grad_steps_3_v_alpha_1e-06_nll_loss/case_1":4.788035869598389,"v_lr_0.5_v_num_grad_steps_3_v_alpha_1e-06_delta_sparsity_percentage/case_1":2.0786830357142856,"v_lr_0.1_v_num_grad_steps_3_v_alpha_1e-06_l1_loss/case_0":2.868782394216396e-05,"_timestamp":1.7455255833816407e+09,"v_lr_0.1_v_num_grad_steps_3_v_alpha_1e-06_delta_sparsity_percentage/case_1":2.0786830357142856,"v_lr_0.5_v_num_grad_steps_3_v_alpha_1e-06_l1_loss/case_0":0.00013530906289815903,"_step":2,"v_lr_0.5_v_num_grad_steps_3_v_alpha_1e-06_total_loss/case_1":4.788395881652832,"v_lr_0.5_v_num_grad_steps_3_v_alpha_1e-06_l1_loss/case_1":0.00036006575101055205,"v_lr_0.1_v_num_grad_steps_3_v_alpha_1e-06_delta_sparsity_percentage/case_0":0.6696428571428571,"v_lr_0.1_v_num_grad_steps_3_v_alpha_1e-06_total_loss/case_1":6.022562503814697,"v_lr_0.5_v_num_grad_steps_3_v_alpha_1e-06_mean_change/case_0":0.6744389533996582,"v_lr_0.5_v_num_grad_steps_3_v_alpha_1e-06_total_loss/case_0":2.258074998855591,"v_lr_0.1_v_num_grad_steps_3_v_alpha_1e-06_total_loss/case_0":2.3955116271972656,"v_lr_0.1_v_num_grad_steps_3_v_alpha_1e-06_mean_change/case_1":0.1729915291070938,"v_lr_0.1_v_num_grad_steps_3_v_alpha_1e-06_delta_sparsity_ratio_feature_acts/case_1":111.21379065221254,"v_lr_0.1_v_num_grad_steps_3_v_alpha_1e-06_delta_sparsity_ratio_feature_acts/case_0":150.56011949215832,"v_lr_0.5_v_num_grad_steps_3_v_alpha_1e-06_delta_sparsity_count/case_1":298,"v_lr_0.5_v_num_grad_steps_3_v_alpha_1e-06_delta_sparsity_percentage/case_0":0.6696428571428571,"v_lr_0.5_v_num_grad_steps_3_v_alpha_1e-06_delta_sparsity_count/case_0":96,"v_lr_0.5_v_num_grad_steps_3_v_alpha_1e-06_mean_change/case_1":0.7290881872177124,"_runtime":10.493291385,"v_lr_0.1_v_num_grad_steps_3_v_alpha_1e-06_l1_loss/case_1":7.879220356699079e-05}