{"loss_curve/total_loss/case_1":5.791483402252197,"delta_curve/delta_sparsity_count/case_0":94,"_runtime":10.45375859,"delta_curve/delta_sparsity_ratio_feature_acts/case_1":100.42581067802162,"loss_curve/total_loss/case_0":1.83430016040802,"loss_curve/l1_loss/case_1":7.658639515284449e-05,"delta_curve/delta_sparsity_ratio_feature_acts/case_0":138.42917251051895,"delta_curve/mean_change/case_0":0.16154541075229645,"delta_curve/delta_sparsity_percentage/case_1":2.036830357142857,"loss_curve/nll_loss/case_1":5.791406631469727,"_step":2,"_wandb":{"runtime":10},"delta_curve/delta_sparsity_count/case_1":292,"_timestamp":1.7455251382612488e+09,"delta_curve/delta_sparsity_percentage/case_0":0.6556919642857143,"loss_curve/nll_loss/case_0":1.8342729806900024,"loss_curve/l1_loss/case_0":2.7173500711796805e-05,"delta_curve/mean_change/case_1":0.17646551132202148}