{"delta_curve/delta_sparsity_ratio_feature_acts/case_1":106.6193853427896,"_timestamp":1.7455247267765079e+09,"delta_curve/delta_sparsity_ratio_feature_acts/case_0":144.28668018931708,"loss_curve/nll_loss/case_1":5.897425651550293,"loss_curve/nll_loss/case_0":1.8210663795471191,"loss_curve/l1_loss/case_0":2.853708792827092e-05,"_wandb":{"runtime":17},"delta_curve/delta_sparsity_count/case_0":97,"delta_curve/mean_change/case_0":0.16405436396598816,"delta_curve/delta_sparsity_percentage/case_0":0.6766183035714286,"_step":2,"loss_curve/l1_loss/case_1":7.445748633472249e-05,"delta_curve/delta_sparsity_percentage/case_1":2.001953125,"_runtime":17.165320729,"delta_curve/delta_sparsity_count/case_1":287,"loss_curve/total_loss/case_0":1.8210948705673218,"loss_curve/total_loss/case_1":5.897500038146973,"delta_curve/mean_change/case_1":0.17457625269889832}